26383318,4214006,0000000000000000
26386319,C054003,1781CAE188D70000
26389139,4214001,0100807F034D1700
26392017,6254000,80FFFF00FFFFFF00
26396898,4294001,0000000000000180
26436457,4214001,0100807F034D1700
26444656,4394100,7EA7EC0003FF8000
26447536,421400B,00863E0440000000
26450456,4294001,0000000000000180
26459655,6314000,0000000000000000
26462536,621401A,0005010000000000
26464676,4394000,00000043
26483376,4214006,0000000000000000
26485156,621400A,0000
26487995,4214001,0100807F03541700
26490894,6314003,2010300000000000
26496734,4294001,0000000000000180
26514275,2214000,806800000000
26536393,4214001,0100807F03541700
26544634,4394100,7EA7EC0003FF8000
26547513,421400B,00863E0440000000
26550433,4294001,0000000000000180
26563873,4394000,00000043
26579552,6214000,2800400000360B00
26583313,4214006,0000000000000000
26586413,A3D4003,2CA5100010000000
26589253,4214001,0100807F03541700
26596733,4294001,0000000000000180
26604673,6284000,0000000000000000
26636393,4214001,0100807F03541700
26639592,6254000,80FFFF00FFFFFF00
26644593,4394100,7E97EB0003FF8000
26647473,421400B,00863E0440000000
26650393,4294001,0000000000000180
26663870,4394000,00000043
26683351,4214006,0000000000000000
26686370,A354003,2CA5100010000000
26689191,4214001,0100807F03421700
26696972,4294001,0000000000000180
26709649,6314000,0000000000000000
26712530,621401A,0005010000000000
26736630,4214001,0100807F03421700
26744608,4394100,7EB7EB0003FF8000
26747489,421400B,00863E0440000000
26750409,4294001,0000000000000180
26763868,4394000,00000043
26766409,2214000,806800000000
26783308,4214006,0000000000000000
26786447,A194003,0000400000000000
26789268,4214001,0100807F03421700
26796968,4294001,0000000000000180
26809527,6264000,071ED87FF31E1F00
26829565,6214000,2800400000360B00
26836627,4214001,0100807F03501700
26844666,4394100,7EB7EB0003FF8000
26847546,421400B,00863E0440000000
26850466,4294001,0000000000000180
26859665,63D4000,5B5A00000BC00000
26863946,4394000,00000043
26883285,4214006,0000000000000000
26886365,C394003,C202000008016000
26889225,4214001,0100807F03501700
26892105,6254000,80FFFF00FFFFFF00
26896865,4294001,0000000000000180
26936424,4214001,0100807F03501700
26944604,4394100,7EA7EB0003FF8000
26947484,421400B,00863E0440000000
26950403,4294001,0000000000000180
26959642,6314000,0000000000000000
26962523,621401A,0005010000000000
26964663,4394000,00000043
26976023,E094000,000E04401C4B
26979784,E094020,000A
26981563,E094003,001E
26984483,4214006,0000000000000000
26987303,4214001,0100807F03421700
26990204,6314003,2010300000000000
26992303,6314020,1800009C
26994082,E09400A,001E
26997002,4294001,0000000000000180
26998783,621400A,0000
27000563,E09401A,001E
27002342,E094024,001A
27014261,2214000,806800000000
27036360,4214001,0100807F03421700
27044642,4394100,7EC7EC0003FF8000
27047521,421400B,00863E0440000000
27050440,4294001,0000000000000180
27063859,4394000,00000043
27079539,6214000,2800400000360B00
27083259,4214006,0000000000000000
27086400,4214001,0100807F03421700
27096719,4294001,0000000000000180
27104659,6284000,0000000000000000
27136458,4214001,0100807F033E1700
27139577,6254000,80FFFF00FFFFFF00
27144419,6314024,0000000000000000
27147317,4394100,7EA7EC0003FF8000
27150197,421400B,00863E0440000000
27153117,4294001,0000000000000180
27156057,2294000,0000000000000000
27163857,4394000,00000043
27183315,4214006,0000000000000000
27186716,4214001,0100807F033E1700
27196936,4294001,0000000000000180
27209635,6314000,0000000000000000
27212515,621401A,0005010000000000
27236695,4214001,0100807F033E1700
27244614,4394100,7EA7EA0003FF8000
27247494,421400B,00863E0440000000
27250414,4294001,0000000000000180
27263855,4394000,00000043
27266394,2214000,806800000000
27283274,4214006,0000000000000000
27285974,C214003,000101012013
27288774,4214001,0100807F03371700
27296933,4294001,0000000000000180
27309592,6264000,071ED87FF31F2000
27329613,6214000,2800400000360B00
27336553,4214001,0100807F03371700
27344673,4394100,7EA7EB0003FF8000
27347553,421400B,00863E0440000000
27350473,4294001,0000000000000180
27359651,63D4000,5B5A00000BC00000
27363952,4394000,00000043
27383330,4214006,0000000000000000
27386310,C054003,1781CAE188D70000
27389111,4214001,0100807F03371700
27391992,6254000,80FFFF00FFFFFF00
27396749,4294001,0000000000000180
27436350,4214001,0100807F03491700
27444589,4394100,7EA7EB0003FF8000
27447468,421400B,00863E0440000000
27450389,4294001,0000000000000180
27459628,6314000,0000000000000000
27462509,621401A,0005010000000000
27464649,4394000,00000043
27483287,4214006,0000000000000000
27485068,621400A,0000
27487887,4214001,0100807F03491700
27490787,6314003,2010300000000000
27496707,4294001,0000000000000180
27514248,2214000,806800000000
27536346,4214001,0100807F03491700
27544607,4394100,7EA7EC0003FF8000
27547486,421400B,00863E0440000000
27550406,4294001,0000000000000180
27563845,4394000,00000043
27579524,6214000,2800400000360B00
27583265,4214006,0000000000000000
27586405,A3D4003,2CA5100010000000
27589225,4214001,0100807F03491700
27596865,4294001,0000000000000180
27604643,6284000,0000000000000000
27636483,4214001,0100807F03421700
27639563,6254000,80FFFF00FFFFFF00
27644583,4394100,7EA7EB0003FF8000
27647463,421400B,00863E0440000000
27650382,4294001,0000000000000180
27663842,4394000,00000043
27683262,4214006,0000000000000000
27686361,A354003,2CA5100010000000
27689182,4214001,0100807F03421700
27696922,4294001,0000000000000180
27709621,6314000,0000000000000000
27712502,621401A,0005010000000000
27736602,4214001,0100807F03421700
27744581,4394100,7EA7EB0003FF8000
27747461,421400B,00863E0440000000
27750380,4294001,0000000000000180
27763841,4394000,00000043
27766381,2214000,806800000000
27783242,4214006,0000000000000000
27786441,A194003,0000400000000000
27789300,4214001,0100807F03501700
27796921,4294001,0000000000000180
27809600,6264000,071ED87FF31E1F00
27829600,6214000,2800400000360B00
27836520,4214001,0100807F03501700
27844680,4394100,7EA7EC0003FE8000
27847560,421400B,00863E0440000000
27850480,4294001,0000000000000180
27859600,63D4000,5B5A00000BC00000
27863880,4394000,00000043
27883318,4214006,0000000000000000
27886358,C394003,C202000008016000
27889218,4214001,0100807F03501700
27892098,6254000,80FFFF00FFFFFF00
27896699,4294001,0000000000000180
27936317,4214001,0100807F03571700
27944557,4394100,7EB7EC0003FF8000
27947437,421400B,00863E0440000000
27950357,4294001,0000000000000180
27959617,6314000,0000000000000000
27962495,621401A,0005010000000000
27964635,4394000,00000043
27975974,E094000,000E04401C4B
27979795,E094020,000A
27981575,E094003,001E
27984494,4214006,0000000000000000
27987295,4214001,0100807F03571700
27990195,6314003,2010300000000000
27992316,6314020,00000094
27994097,E09400A,001E
27997015,4294001,0000000000000180
27998795,621400A,0000
28000575,E09401A,001E
28002354,E094024,001A
28014235,2214000,806800000000
28036314,4214001,0100807F03571700
28044553,4394100,7EA7EB0003FF8000
28047434,421400B,00863E0440000000
28050353,4294001,0000000000000180
28063814,4394000,00000043
28079514,6214000,2800400000360B00
28083293,4214006,0000000000000000
28086373,4214001,0100807F035B1700
28096812,4294001,0000000000000180
28104632,6284000,0000000000000000
28136531,4214001,0100807F035B1700
28139551,6254000,80FFFF00FFFFFF00
28144412,6314024,0000000000000000
28147291,4394100,7E87EB0003FF8000
28150171,421400B,00863E0440000000
28153092,4294001,0000000000000180
28156031,2294000,0000000000000000
28163810,4394000,00000043
28183250,4214006,0000000000000000
28186609,4214001,0100807F035B1700
28196910,4294001,0000000000000180
28209608,6314000,0000000000000000
28212489,621401A,0005010000000000
28236648,4214001,0100807F03501700
28244568,4394100,7EA7EB0003FF8000
28247448,421400B,00863E0440000000
28250367,4294001,0000000000000180
28263868,4394000,00000043
28266406,2214000,806800000000
28283247,4214006,0000000000000000
28285967,C214003,000101012013
28288827,4214001,0100807F03501700
28296866,4294001,0000000000000180
28309546,6264000,071ED87FF31D1F00
28329586,6214000,2800400000360B00
28336465,4214001,0100807F03501700
28344624,4394100,7EB7EB0003FF8000
28347504,421400B,00863E0440000000
28350424,4294001,0000000000000180
28359545,63D4000,5B5A00000BC00000
28363824,4394000,00000043
28383244,4214006,0000000000000000
28386285,C054003,1781CAE188D70000
28389144,4214001,0100807F03501700
28392024,6254000,80FFFF00FFFFFF00
28396684,4294001,0000000000000180
28436342,4214001,0100807F03451700
28444562,4394100,7EA7ED0003FF8000
28447442,421400B,00863E0440000000
28450363,4294001,0000000000000180
28459602,6314000,0000000000000000
28462482,621401A,0005010000000000
28464622,4394000,00000043
28483202,4214006,0000000000000000
28484981,621400A,0000
28487801,4214001,0100807F03451700
28490701,6314003,2010300000000000
28496701,4294001,0000000000000180
28514221,2214000,806800000000
28536319,4214001,0100807F03451700
28544539,4394100,7EA7EB0003FF8000
28547419,421400B,00863E0440000000
28550339,4294001,0000000000000180
28563798,4394000,00000043
28579499,6214000,2800400000360B00
28583258,4214006,0000000000000000
28586378,A3D4003,2CA5100010000000
28589198,4214001,0100807F03421700
28596917,4294001,0000000000000180
28604618,6284000,0000000000000000
28636557,4214001,0100807F03421700
28639537,6254000,80FFFF00FFFFFF00
28644557,4394100,7EA7EC0003FF8000
28647435,421400B,00863E0440000000
28650356,4294001,0000000000000180
28663796,4394000,00000043
28683195,4214006,0000000000000000
28686355,A354003,2CA5100010000000
28689176,4214001,0100807F03421700
28696934,4294001,0000000000000180
28709594,6314000,0000000000000000
28712475,621401A,0005010000000000
28736574,4214001,0100807F03301700
28744613,4394100,7EA7EC0003FF8000
28747494,421400B,00863E0440000000
28750413,4294001,0000000000000180
28763913,4394000,00000043
28766453,2214000,806800000000
28783253,4214006,0000000000000000
28786432,A194003,0000400000000000
28789253,4214001,0100807F03301700
28796771,4294001,0000000000000180
28809512,6264000,071ED87FF31F1F00
28829512,6214000,2800400000360B00
28836331,4214001,0100807F03301700
28844572,4394100,7E97EC0003FF8000
28847450,421400B,00863E0440000000
28850372,4294001,0000000000000180
28859510,63D4000,5B5A00000BC00000
28863790,4394000,00000043
28883210,4214006,0000000000000000
28886350,C394003,C202000008016000
28889169,4214001,0100807F03301700
28892050,6254000,80FFFF00FFFFFF00
28896688,4294001,0000000000000180
28936309,4214001,0100807F03301700
28944527,4394100,7E87EB0003FF8000
28947407,421400B,00863E0440000000
28950327,4294001,0000000000000180
28959587,6314000,0000000000000000
28962467,621401A,0005010000000000
28964607,4394000,00000043
28975947,E094000,000E04401C4B
28979787,E094020,000A
28981567,E094003,001E
28984486,4214006,0000000000000000
28987306,4214001,0100807F03301700
28990208,6314003,2010300000000000
28992307,6314020,080000A8
28994087,E09400A,001E
28997007,4294001,0000000000000180
28998788,621400A,0000
29000568,E09401A,001E
29002347,E094024,001A
29014207,2214000,806800000000
29036406,4214001,0100807F03341700
29044546,4394100,7EA7EC0003FF8000
29047425,421400B,00863E0440000000
29050345,4294001,0000000000000180
29063785,4394000,00000043
29079485,6214000,2800400000360B00
29083185,4214006,0000000000000000
29086604,4214001,0100808003341700
29096864,4294001,0000000000000180
29104604,6284000,0000000000000000
29136524,4214001,0100808003341700
29139524,6254000,80FFFF00FFFFFF00
29144424,6314024,0000000000000000
29147304,4394100,7EA7ED0003FF8000
29150184,421400B,00863E0440000000
29153103,4294001,0000000000000180
29156043,2294000,0000000000000000
29163802,4394000,00000043
29183163,4214006,0000000000000000
29186642,4214001,0100808003341700
29196863,4294001,0000000000000180
29209601,6314000,0000000000000000
29212481,621401A,0005010000000000
29236562,4214001,0100808003421700
29244601,4394100,7E97EB0003FF8000
29247481,421400B,00863E0440000000
29250401,4294001,0000000000000180
29263879,4394000,00000043
29266420,2214000,806800000000
29283219,4214006,0000000000000000
29285960,C214003,000101012013
29288778,4214001,0100808003421700
29296679,4294001,0000000000000180
29309419,6264000,071ED87FF31D1F00
29329518,6214000,2800400000360B00
29336296,4214001,0100808003421700
29344557,4394100,7EA7EC0003FF8000
29347437,421400B,00863E0440000000
29350357,4294001,0000000000000180
29359498,63D4000,5B5A00000BC00000
29363777,4394000,00000043
29383215,4214006,0000000000000000
29386317,4214001,0100808003421700
29389097,C054003,1781CAE188D70000
29391977,6254000,80FFFF00FFFFFF00
29396677,4294001,0000000000000180
29436296,4214001,0100808003421700
29444536,4394100,7EA7EC0003FE8000
29447416,421400B,00863E0440000000
29450336,4294001,0000000000000180
29459575,6314000,0000000000000000
29462454,621401A,0005010000000000
29464594,4394000,00000043
29483235,4214006,0000000000000000
29485015,621400A,0000
29487835,4214001,0100808003421700
29490735,6314003,2010300000000000
29496775,4294001,0000000000000180
29514194,2214000,806800000000
29536434,4214001,0100808003571700
29544513,4394100,7EA7EB0003FF8000
29547392,421400B,00863E0440000000
29550312,4294001,0000000000000180
29563771,4394000,00000043
29579492,6214000,2800400000360B00
29583171,4214006,0000000000000000
29586373,A3D4003,2CA5100010000000
29589192,4214001,0100808003571700
29596932,4294001,0000000000000180
29604592,6284000,0000000000000000
29636511,4214001,0100808003571700
29639551,6254000,80FFFF00FFFFFF00
29644510,4394100,7EB7EB0003FF8000
29647391,421400B,00863E0440000000
29650311,4294001,0000000000000180
29663790,4394000,00000043
29683169,4214006,0000000000000000
29686330,A354003,2CA5100010000000
29689129,4214001,01008080034D1700
29696849,4294001,0000000000000180
29709730,6314000,0000000000000000
29712610,621401A,0005010000000000
29736428,4214001,01008080034D1700
29744608,4394100,7E97EA0003FF8000
29747489,421400B,00863E0440000000
29750408,4294001,0000000000000180
29763807,4394000,00000043
29766349,2214000,806800000000
29783146,4214006,0000000000000000
29786287,4214001,01008080034D1700
29789207,A194003,0000400000000000
29796647,4294001,0000000000000180
29809445,6264000,071ED87FF31D1F00
29829526,6214000,2800400000360B00
29836267,4214001,01008080034D1700
29844466,4394100,7EA7EB0003FE8000
29847387,4294001,0000000000000180
29850266,421400B,00863E0440000000
29859545,63D4000,5B5A00000BC00000
29863765,4394000,00000043
29883185,4214006,0000000000000000
29886325,C394003,C202000008016000
29889144,4214001,0100808003541700
29892025,6254000,80FFFF00FFFFFF00
29896643,4294001,0000000000000180
29936302,4214001,0100808003541700
29944482,4394100,7EB7EC0003FE8000
29947402,4294001,0000000000000180
29950282,421400B,00863E0440000000
29959622,6314000,0000000000000000
29962502,621401A,0005010000000000
29964642,4394000,00000043
29975942,E094000,000E04401C4B
29979802,E094020,000A
29981582,E094003,001E
29984502,4214006,0000000000000000
29987322,4214001,0100808003541700
29990221,6314003,2010300000000000
29992363,6314020,1000009C
29994141,E09400A,001E
29997061,4294001,0000000000000180
29998840,621400A,0000
30000621,E09401A,001E
30002401,E094024,001A
30014161,2214000,806800000000
30036500,4214001,0100808003541700
30044500,4394100,7EA7EB0003FF8000
30047420,4294001,0000000000000180
30050300,421400B,00863E0440000000
30063780,4394000,00000043
30079539,6214000,2800400000360B00
30083138,4214006,0000000000000000
30086539,4214001,0100808003541700
30096838,4294001,0000000000000180
30104578,6284000,0000000000000000
30136737,4214001,0100808003541700
30139617,6254000,80FFFF00FFFFFF00
30144417,6314024,0000000000000000
30147298,4394100,7EA7EB0003FF8000
30150177,421400B,00863E0440000000
30153095,4294001,0000000000000180
30156037,2294000,0000000000000000
30163837,4394000,00000043
30183175,4214006,0000000000000000
30186456,4214001,0100808003491700
30196774,4294001,0000000000000180
30209735,6314000,0000000000000000
30212615,621401A,0005010000000000
30236334,4214001,0100808003491700
30244513,4394100,7E97EB0003FF8000
30247434,4294001,0000000000000180
30250313,421400B,00863E0440000000
30263753,4394000,00000043
30266293,2214000,806800000000
30283193,4214006,0000000000000000
30285952,C214003,000101012013
30288752,4214001,0100808003491700
30296633,4294001,0000000000000180
30309512,6264000,071ED87FF3201F00
30329551,6214000,2800400000360B00
30336331,4214001,01008080033B1700
30344471,4394100,7EB7EB0003FE8000
30347431,4294001,0000000000000180
30350310,421400B,00863E0440000000
30359573,63D4000,5B5A00000BC00000
30363751,4394000,00000043
30383130,4214006,0000000000000000
30386270,C054003,1781CAE188D70000
30389070,4214001,01008080033B1700
30391970,6254000,80FFFF00FFFFFF00
30396670,4294001,0000000000000180
30436468,4214001,01008080033B1700
30444508,4394100,7EA7EC0003FF8000
30447429,4294001,0000000000000180
30450308,421400B,00863E0440000000
30459647,6314000,0000000000000000
30462526,621401A,0005010000000000
30464668,4394000,00000043
30483127,4214006,0000000000000000
30484906,621400A,0000
30487725,4214001,0100808003421700
30490626,6314003,2010300000000000
30496865,4294001,0000000000000180
30514145,2214000,806800000000
30536484,4214001,0100808003421700
30544485,4394100,7EA7EA0003FE8000
30547403,4294001,0000000000000180
30550284,421400B,00863E0440000000
30563743,4394000,00000043
30579541,6214000,2800400000360B00
30583123,4214006,0000000000000000
30586364,A3D4003,2CA5100010000000
30589182,4214001,0100808003421700
30596822,4294001,0000000000000180
30604583,6284000,0000000000000000
30636460,4214001,0100808003371700
30639721,6254000,80FFFF00FFFFFF00
30644581,4394100,7EA7EB0003FF8000
30647501,4294001,0000000000000180
30650381,421400B,00863E0440000000
30663841,4394000,00000043
30683160,4214006,0000000000000000
30686320,A354003,2CA5100010000000
30689140,4214001,0100808003371700
30696680,4294001,0000000000000180
30709659,6314000,0000000000000000
30712539,621401A,0005010000000000
30736618,4214001,0100808003371700
30744498,4394100,7EA7EC0003FF8000
30747418,4294001,0000000000000180
30750299,421400B,00863E0440000000
30763737,4394000,00000043
30766277,2214000,806800000000
30783178,4214006,0000000000000000
30786397,A194003,0000400000000000
30789217,4214001,0100808003371700
30796617,4294001,0000000000000180
30809476,6264000,071ED87FF31D1F00
30829536,6214000,2800400000360B00
30836476,4214001,01008080033E1700
30844474,4394100,7EB7EC0003FF8000
30847394,4294001,0000000000000180
30850274,421400B,00863E0440000000
30859554,63D4000,5B5A00000BC00000
30863734,4394000,00000043
30883094,4214006,0000000000000000
30886314,C394003,C202000008016000
30889173,4214001,01008080033E1700
30892054,6254000,80FFFF00FFFFFF00
30896774,4294001,0000000000000180
30936692,4214001,01008080033E1700
30944472,4394100,7E97EA0003FF8000
30947393,4294001,0000000000000180
30950272,421400B,00863E0440000000
30959512,6314000,0000000000000000
30962392,621401A,0005010000000000
30964531,4394000,00000043
30976092,E094000,000E04401C4B
30979811,E094020,000A
30981591,E094003,001E
30984511,4214006,0000000000000000
30987371,4214001,01008080033E1700
30990271,6314003,2010300000000000
30992371,6314020,1800009C
30994151,E09400A,001E
30997071,4294001,0000000000000180
30998851,621400A,0000
31000631,E09401A,001E
31002412,E094024,001A
31014131,2214000,806800000000
31036530,4214001,01008080033E1700
31044470,4394100,7EA7EB0003FF8000
31047390,4294001,0000000000000180
31050271,421400B,00863E0440000000
31063728,4394000,00000043
31079588,6214000,2800400000360B00
31083089,4214006,0000000000000000
31086688,4214001,01008080033E1700
31096807,4294001,0000000000000180
31104628,6284000,0000000000000000
31136607,4214001,0100808003371700
31139707,6254000,80FFFF00FFFFFF00
31144428,6314024,0000000000000000
31147306,4394100,7EC7EB0003FF8000
31150186,421400B,00863E0440000000
31153107,4294001,0000000000000180
31156046,2294000,0000000000000000
31163827,4394000,00000043
31183086,4214006,0000000000000000
31186606,4214001,0100808003371700
31196644,4294001,0000000000000180
31209624,6314000,0000000000000000
31212504,621401A,0005010000000000
31236484,4214001,0100808003371700
31244483,4394100,7EA7EC0003FF8000
31247404,4294001,0000000000000180
31250284,421400B,00863E0440000000
31263723,4394000,00000043
31266263,2214000,806800000000
31283143,4214006,0000000000000000
31285943,C214003,000101012013
31288803,4214001,01008080033E1700
31296723,4294001,0000000000000180
31309382,6264000,071ED87FF31D1F00
31329461,6214000,2800400000360B00
31336661,4214001,01008080033E1700
31344460,4394100,7EB7EA0003FE8000
31347380,4294001,0000000000000180
31350261,421400B,00863E0440000000
31359461,63D4000,5B5A00000BC00000
31363720,4394000,00000043
31383060,4214006,0000000000000000
31386260,C054003,1781CAE188D70000
31389119,4214001,01008080033E1700
31391999,6254000,80FFFF00FFFFFF00
31396899,4294001,0000000000000180
31436738,4214001,0100808003341700
31444418,4394100,7EA7ED0003FE8000
31447339,4294001,0000000000000180
31450217,421400B,00863E0440000000
31459498,6314000,0000000000000000
31462378,621401A,0005010000000000
31464517,4394000,00000043
31483057,4214006,0000000000000000
31484838,621400A,0000
31487657,4214001,0100808003341700
31490558,6314003,2010300000000000
31496796,4294001,0000000000000180
31514117,2214000,806800000000
31536614,4214001,0100808003341700
31544474,4394100,7EA7EA0003FE8000
31547395,4294001,0000000000000180
31550274,421400B,00863E0440000000
31563815,4394000,00000043
31579674,6214000,2800400000360B00
31583073,4214006,0000000000000000
31586353,A3D4003,2CA5100010000000
31589213,4214001,01008080033E1700
31596854,4294001,0000000000000180
31604613,6284000,0000000000000000
31636753,4214001,01008080033E1700
31639632,6254000,80FFFF00FFFFFF00
31644472,4394100,7EA7EA0003FE8000
31647392,4294001,0000000000000180
31650272,421400B,00863E0440000000
31663710,4394000,00000043
31683130,4214006,0000000000000000
31686311,A354003,2CA5100010000000
31689171,4214001,01008080033E1700
31696750,4294001,0000000000000180
31709490,6314000,0000000000000000
31712370,621401A,0005010000000000
31736589,4214001,0100808003371700
31744449,4394100,7EA7EB0003FF8000
31747369,4294001,0000000000000180
31750249,421400B,00863E0440000000
31763708,4394000,00000043
31766248,2214000,806800000000
31783048,4214006,0000000000000000
31786388,A194003,0000400000000000
31789207,4214001,0100808003371700
31796827,4294001,0000000000000180
31809368,6264000,071ED87FF31D1E00
31829407,6214000,2800400000360B00
31836766,4214001,0100808003371700
31844467,4394100,7EA7EC0003FF8000
31847387,4294001,0000000000000180
31850266,421400B,00863E0440000000
31859426,63D4000,5B5A00000BC00000
31863726,4394000,00000043
31883064,4214006,0000000000000000
31886304,C394003,C202000008016000
31889104,4214001,0100808003371600
31891985,6254000,80FFFF00FFFFFF00
31896805,4294001,0000000000000180
31936643,4214001,0100808003291700
31944444,4394100,7EB7EA0003FF8000
31947364,4294001,0000000000000180
31950243,421400B,00863E0440000000
31959483,6314000,0000000000000000
31962364,621401A,0005010000000000
31964503,4394000,00000043
31976062,E094000,000E04401C4B
31979822,E094020,000A
31981603,E094003,001E
31984522,4214006,0000000000000000
31987342,4214001,0100808003291700
31990241,6314003,2010300000000000
31992363,6314020,00000094
31994143,E09400A,001E
31997063,4294001,0000000000000180
31998843,621400A,0000
32000622,E09401A,001E
32002403,E094024,001A
32014141,2214000,806800000000
32036720,4214001,0100808003291700
32044562,4394100,7EA7EB0003FF8000
32047480,4294001,0000000000000180
32050361,421400B,00863E0440000000
32063800,4394000,00000043
32079460,6214000,2800400000360B00
32083039,4214006,0000000000000000
32086800,4214001,0100808003341700
32096798,4294001,0000000000000180
32104538,6284000,0000000000000000
32136657,4214001,0100808003341700
32139538,6254000,80FFFF00FFFFFF00
32144438,6314024,0000000000000000
32147318,4394100,7EA7EB0003FF8000
32150198,421400B,00863E0440000000
32153117,4294001,0000000000000180
32156057,2294000,0000000000000000
32163697,4394000,00000043
32183076,4214006,0000000000000000
32186795,4214001,0100808003341700
32196816,4294001,0000000000000180
32209476,6314000,0000000000000000
32212355,621401A,0005010000000000
32236954,4214001,01008080033E1700
32244434,4394100,7EA7EA0003FE8000
32247355,4294001,0000000000000180
32250235,421400B,00863E0440000000
32263693,4394000,00000043
32266233,2214000,806800000000
32283034,4214006,0000000000000000
32285933,C214003,000101012013
32288794,4214001,01008080033E1700
32296893,4294001,0000000000000180
32309372,6264000,071ED87FF31E1F00
32329391,6214000,2800400000360B00
32336772,4214001,01008080033E1700
32344432,4394100,7EB7EB0003FF8000
32347352,4294001,0000000000000180
32350231,421400B,00863E0440000000
32359410,63D4000,5B5A00000BC00000
32363691,4394000,00000043
32383012,4214006,0000000000000000
32386250,C054003,1781CAE188D70000
32389050,4214001,0100808003491700
32391931,6254000,80FFFF00FFFFFF00
32396809,4294001,0000000000000180
32436670,4214001,0100808003491700
32444429,4394100,7EA7EB0003FF8000
32447348,4294001,0000000000000180
32450229,421400B,00863E0440000000
32459469,6314000,0000000000000000
32462350,621401A,0005010000000000
32464490,4394000,00000043
32483029,4214006,0000000000000000
32484810,621400A,0000
32487608,4214001,0100808003491700
32490508,6314003,2010300000000000
32496848,4294001,0000000000000180
32514189,2214000,806800000000
32536727,4214001,0100808003421700
32544527,4394100,7E87EC0003FF8000
32547447,4294001,0000000000000180
32550326,421400B,00863E0440000000
32563727,4394000,00000043
32579386,6214000,2800400000360B00
32582986,4214006,0000000000000000
32586346,A3D4003,2CA5100010000000
32589166,4214001,0100808003421700
32596845,4294001,0000000000000180
32604506,6284000,0000000000000000
32636744,4214001,0100808003421700
32639625,6254000,80FFFF00FFFFFF00
32644425,4394100,7EA7EB0003FF8000
32647345,4294001,0000000000000180
32650224,421400B,00863E0440000000
32663683,4394000,00000043
32683063,4214006,0000000000000000
32686303,A354003,2CA5100010000000
32689123,4214001,0100808003421700
32696862,4294001,0000000000000180
32709462,6314000,0000000000000000
32712342,621401A,0005010000000000
32736825,4214001,0100808003301700
32744420,4394100,7EA7EB0003FF8000
32747341,4294001,0000000000000180
32750221,421400B,00863E0440000000
32763701,4394000,00000043
32766241,2214000,806800000000
32783082,4214006,0000000000000000
32786381,A194003,0000400000000000
32789220,4214001,0100808003301700
32796940,4294001,0000000000000180
32809340,6264000,071ED87FF31D1E00
32829380,6214000,2800400000360B00
32836799,4214001,0100808003301700
32844440,4394100,7EA7EC0003FF8000
32847360,4294001,0000000000000180
32850240,421400B,00863E0440000000
32859400,63D4000,5B5A00000BC00000
32863680,4394000,00000043
32882998,4214006,0000000000000000
32886299,C394003,C202000008016000
32889158,4214001,01008080033E1700
32892038,6254000,80FFFF00FFFFFF00
32896958,4294001,0000000000000180
32936837,4214001,01008080033E1700
32944497,4394100,7E97EC0003FF8000
32947416,4294001,0000000000000180
32950296,421400B,00863E0440000000
32959515,6314000,0000000000000000
32962396,621401A,0005010000000000
32964536,4394000,00000043
32976035,E094000,000E04401C4B
32979836,E094020,000A
32981616,E094003,001E
32984535,4214006,0000000000000000
32987395,4214001,01008080033E1700
32990296,6314003,2010300000000000
32992395,6314020,080000A8
32994174,E09400A,001E
32997095,4294001,0000000000000180
32998874,621400A,0000
33000655,E09401A,001E
33002435,E094024,001A
33014175,2214000,806800000000
33036814,4214001,0100808003421700
33044434,4394100,7EB7EB0003FF8000
33047354,4294001,0000000000000180
33050233,421400B,00863E0440000000
33063673,4394000,00000043
33079373,6214000,2800400000360B00
33083013,4214006,0000000000000000
33086853,4214001,0100808003421700
33096912,4294001,0000000000000180
33104472,6284000,0000000000000000
33136831,4214001,0100808003421700
33139712,6254000,80FFFF00FFFFFF00
33144411,4394100,7EB7EC0003FF8000
33147331,4294001,0000000000000180
33150212,421400B,00863E0440000000
33153130,6314024,0000000000000000
33156071,2294000,0000000000000000
33163672,4394000,00000043
33182990,4214006,0000000000000000
33186910,4214001,01008080033E1700
33196970,4294001,0000000000000180
33209450,6314000,0000000000000000
33212329,621401A,0005010000000000
33236928,4214001,01008080033E1700
33244429,4394100,7EA7EC0003FF8000
33247349,4294001,0000000000000180
33250228,421400B,00863E0440000000
33263667,4394000,00000043
33266207,2214000,806800000000
33283047,4214006,0000000000000000
33285908,C214003,000101012013
33288768,4214001,01008080033E1700
33296947,4294001,0000000000000180
33309346,6264000,071ED87FF31E1F00
33329365,6214000,2800400000360B00
33336865,4214001,0100808003421700
33344425,4394100,7EA7EC0003FF8000
33347345,4294001,0000000000000180
33350224,421400B,00863E0440000000
33359385,63D4000,5B5A00000BC00000
33363664,4394000,00000043
33383003,4214006,0000000000000000
33386245,C054003,1781CAE188D70000
33389064,4214001,0100808003421700
33391944,6254000,80FFFF00FFFFFF00
33396965,4294001,0000000000000180
33436864,4214001,0100808003421700
33444504,4394100,7EA7EB0003FF8000
33447424,4294001,0000000000000180
33450304,421400B,00863E0440000000
33459543,6314000,0000000000000000
33462423,621401A,0005010000000000
33464563,4394000,00000043
33483042,4214006,0000000000000000
33484823,621400A,0000
33487642,4214001,0100808003421700
33490542,6314003,2010300000000000
33496982,4294001,0000000000000180
33514062,2214000,806800000000
33536881,4214001,0100808003421700
33544421,4394100,7EA7EC0003FF8000
33547341,4294001,0000000000000180
33550221,421400B,00863E0440000000
33563660,4394000,00000043
33579360,6214000,2800400000360B00
33583040,4214006,0000000000000000
33586340,A3D4003,2CA5100010000000
33589160,4214001,0100808003421700
33596999,4294001,0000000000000180
33604459,6284000,0000000000000000
33636957,4214001,0100808003421700
33639837,6254000,80FFFF00FFFFFF00
33644357,4394100,7EC7EB0003FE8000
33647297,4294001,0000000000000180
33650178,421400B,00863E0440000000
33663678,4394000,00000043
33682996,4214006,0000000000000000
33686295,A354003,2CA5100010000000
33689117,4214001,0100808003421700
33697116,4294001,0000000000000180
33709437,6314000,0000000000000000
33712316,621401A,0005010000000000
33736916,4214001,0100808003421700
33744395,4394100,7EA7EB0003FF8000
33747315,4294001,0000000000000180
33750196,421400B,00863E0440000000
33763655,4394000,00000043
33766195,2214000,806800000000
33782975,4214006,0000000000000000
33786374,A194003,0000400000000000
33789195,4214001,0100808003421700
33797034,4294001,0000000000000180
33809295,6264000,071ED87FF31F1F00
33829353,6214000,2800400000360B00
33836974,4214001,01008080033E1700
33844433,4394100,7EA7EC0003FF8000
33847353,4294001,0000000000000180
33850233,421400B,00863E0440000000
33859417,63D4000,5B5A00000BC00000
33863713,4394000,00000043
33882992,4214006,0000000000000000
33886292,C394003,C202000008016000
33889153,4214001,01008080033E1700
33892032,6254000,80FFFF00FFFFFF00
33897052,4294001,0000000000000180
33937011,4214001,01008080033E1700
33944371,4394100,7EA7EB0003FE8000
33947290,4294001,0000000000000180
33950169,421400B,00863E0440000000
33959429,6314000,0000000000000000
33962310,621401A,0005010000000000
33964449,4394000,00000043
33975810,E094000,000E04401C4B
33979830,E094020,000A
33981609,E094003,001E
33984531,4214006,0000000000000000
33987352,4214001,0100808003421700
33990252,6314003,2010300000000000
33992390,6314020,1000009C
33994170,E09400A,001E
33995950,E09401A,001E
33998870,4294001,0000000000000180
34000651,621400A,0000
34002430,E094024,001A
34014049,2214000,806800000000
34036969,4214001,0100808003421700
34044388,4394100,7EA7EB0003FF8000
34047309,4294001,0000000000000180
34050188,421400B,00863E0440000000
34063649,4394000,00000043
34079348,6214000,2800400000360B00
34082947,4214006,0000000000000000
34087027,4214001,0100808003421700
34097148,4294001,0000000000000180
34104447,6284000,0000000000000000
34137166,4214001,01008080033B1700
34140046,6254000,80FFFF00FFFFFF00
34144386,4394100,7EA7EB0003FF8000
34147306,4294001,0000000000000180
34150184,421400B,00863E0440000000
34153104,6314024,0000000000000000
34156046,2294000,0000000000000000
34163644,4394000,00000043
34182944,4214006,0000000000000000
34186984,4214001,01008080033B1700
34197104,4294001,0000000000000180
34209424,6314000,0000000000000000
34212304,621401A,0005010000000000
34236984,4214001,01008080033B1700
34244382,4394100,7EA7EB0003FF8000
34247302,4294001,0000000000000180
34250182,421400B,00863E0440000000
34263643,4394000,00000043
34266183,2214000,806800000000
34282941,4214006,0000000000000000
34285901,C214003,000101012013
34288700,4214001,01008080033B1700
34297101,4294001,0000000000000180
34309301,6264000,071ED87FF31F1E00
34329383,6214000,2800400000360B00
34336979,4214001,01008080033B1700
34344479,4394100,7EA7EB0003FF8000
34347400,4294001,0000000000000180
34350280,421400B,00863E0440000000
34359460,63D4000,5B5A00000BC00000
34363740,4394000,00000043
34382938,4214006,0000000000000000
34386218,C054003,1781CAE188D70000
34389018,4214001,01008080033B1700
34391899,6254000,80FFFF00FFFFFF00
34397138,4294001,0000000000000180
34437017,4214001,01008080033B1700
34444397,4394100,7EA7EA0003FF8000
34447317,4294001,0000000000000180
34450198,421400B,00863E0440000000
34459417,6314000,0000000000000000
34462295,621401A,0005010000000000
34464436,4394000,00000043
34483016,4214006,0000000000000000
34484796,621400A,0000
34487596,4214001,01008080033B1700
34490496,6314003,2010300000000000
34497155,4294001,0000000000000180
34514035,2214000,806800000000
34537054,4214001,01008080033B1700
34544395,4394100,7EA7EC0003FF8000
34547314,4294001,0000000000000180
34550193,421400B,00863E0440000000
34563654,4394000,00000043
34579333,6214000,2800400000360B00
34582994,4214006,0000000000000000
34586313,A3D4003,2CA5100010000000
34589112,4214001,01008080033B1700
34597212,4294001,0000000000000180
34604432,6284000,0000000000000000
34637071,4214001,0100808003291700
34639951,6254000,80FFFF00FFFFFF00
34644370,4394100,7EB7EB0003FF8000
34647292,4294001,0000000000000180
34650171,421400B,00863E0440000000
34663631,4394000,00000043
34682950,4214006,0000000000000000
34686290,A354003,2CA5100010000000
34689109,4214001,0100808003291700
34697189,4294001,0000000000000180
34709449,6314000,0000000000000000
34712330,621401A,0005010000000000
34737088,4214001,0100808003291700
34744388,4394100,7EA7EB0003FF8000
34747308,4294001,0000000000000180
34750209,421400B,00863E0440000000
34763627,4394000,00000043
34766167,2214000,806800000000
34782987,4214006,0000000000000000
34786367,A194003,0000400000000000
34789187,4214001,0100808003341700
34797206,4294001,0000000000000180
34809407,6264000,071ED87FF31E1E00
34829486,6214000,2800400000360B00
34837107,4214001,0100808003341700
34844487,4394100,7EA7EC0003FF8000
34847405,4294001,0000000000000180
34850284,421400B,00863E0440000000
34859505,63D4000,5B5A00000BC00000
34863684,4394000,00000043
34882925,4214006,0000000000000000
34886285,C394003,C202000008016000
34889104,4214001,0100808003341700
34891984,6254000,80FFFF00FFFFFF00
34897224,4294001,0000000000000180
34937101,4214001,0100808003451700
34944382,4394100,7EA7EC0003FF8000
34947302,4294001,0000000000000180
34950182,421400B,00863E0440000000
34959462,6314000,0000000000000000
34962340,621401A,0005010000000000
34964481,4394000,00000043
34975779,E094000,000E04401C4B
34979840,E094020,000A
34981620,E094003,001E
34984539,4214006,0000000000000000
34987340,4214001,0100808003451700
34990240,6314003,2010300000000000
34992339,6314020,1800009C
34994119,E09400A,001E
34995900,E09401A,001E
34998820,4294001,0000000000000180
35000600,621400A,0000
35002380,E094024,001A
35014019,2214000,806800000000
35037158,4214001,0100808003451700
35044378,4394100,7EA7EC0003FF8000
35047298,4294001,0000000000000180
35050178,421400B,00863E0440000000
35063618,4394000,00000043
35079317,6214000,2800400000360B00
35082917,4214006,0000000000000000
35087137,4214001,0100808003451700
35097257,4294001,0000000000000180
35104436,6284000,0000000000000000
35137157,4214001,0100808003371700
35140037,6254000,80FFFF00FFFFFF00
35144336,4394100,7E97EB0003FF8000
35147256,6314024,0000000000000000
35150175,4294001,0000000000000180
35153055,421400B,00863E0440000000
35155995,2294000,0000000000000000
35163615,4394000,00000043
35182935,4214006,0000000000000000
35187154,4214001,0100808003371700
35197273,4294001,0000000000000180
35209433,6314000,0000000000000000
35212313,621401A,0005010000000000
35237172,4214001,0100808003371700
35244372,4394100,7EA7EC0003FF8000
35247292,4294001,0000000000000180
35250192,421400B,00863E0440000000
35263633,4394000,00000043
35266172,2214000,806800000000
35282951,4214006,0000000000000000
35285891,C214003,000101012013
35288751,4214001,01008080033E1700
35297292,4294001,0000000000000180
35309492,6264000,071ED87FD31C1E00
35329509,6214000,2800400000360B00
35337229,4214001,01008080033E1700
35344410,4394100,7EA7EB0003FE8000
35347330,4294001,0000000000000180
35350209,421400B,00863E0440000000
35359450,63D4000,5B5A00000BC00000
35363630,4394000,00000043
35382908,4214006,0000000000000000
35386209,C054003,1781CAE188D70000
35389069,4214001,01008080033E1700
35391948,6254000,80FFFF00FFFFFF00
35397508,4294001,0000000000000180
35437247,4214001,0100808003451700
35444347,4394100,7EA7EB0003FF8000
35447326,4294001,0000000000000180
35450206,421400B,00863E0440000000
35459506,6314000,0000000000000000
35462385,621401A,0005010000000000
35464526,4394000,00000043
35482986,4214006,0000000000000000
35484766,621400A,0000
35487566,4214001,0100808003451700
35490466,6314003,2010300000000000
35497365,4294001,0000000000000180
35514005,2214000,806800000000
35537244,4214001,0100808003451700
35544344,4394100,7EA7EB0003FF8000
35547364,4294001,0000000000000180
35550243,421400B,00863E0440000000
35563603,4394000,00000043
35579422,6214000,2800400000360B00
35582901,4214006,0000000000000000
35586303,A3D4003,2CA5100010000000
35589103,4214001,0100808003451700
35597342,4294001,0000000000000180
35604402,6284000,0000000000000000
35637221,4214001,0100808003451700
35640101,6254000,80FFFF00FFFFFF00
35644361,4394100,7EA7EB0003FF8000
35647361,4294001,0000000000000180
35650241,421400B,00863E0440000000
35663600,4394000,00000043
35682900,4214006,0000000000000000
35686261,A354003,2CA5100010000000
35689061,4214001,0100808003451700
35697361,4294001,0000000000000180
35709501,6314000,0000000000000000
35712379,621401A,0005010000000000
35737260,4214001,0100808003341700
35744359,4394100,7EA7EB0003FF8000
35747380,4294001,0000000000000180
35750260,421400B,00863E0440000000
35763699,4394000,00000043
35766238,2214000,806800000000
35782878,4214006,0000000000000000
35786359,A194003,0000400000000000
35789179,4214001,0100808003341700
35797379,4294001,0000000000000180
35809458,6264000,071ED87FF31D1E00
35829439,6214000,2800400000360B00
35837277,4214001,0100808003341700
35844337,4394100,7EA7EB0003FF8000
35847377,4294001,0000000000000180
35850258,421400B,00863E0440000000
35859417,63D4000,5B5A00000BC00000
35863597,4394000,00000043
35882895,4214006,0000000000000000
35886276,C394003,C202000008016000
35889116,4214001,0100808003301700
35891995,6254000,80FFFF00FFFFFF00
35897376,4294001,0000000000000180
35937357,4214001,0100808003301700
35944334,4394100,7EA7EB0003FF8000
35947435,4294001,0000000000000180
35950315,421400B,00863E0440000000
35959475,6314000,0000000000000000
35962354,621401A,0005010000000000
35964493,4394000,00000043
35975793,E094000,000E04401C4B
35979854,E094020,000A
35981634,E094003,001E
35984554,4214006,0000000000000000
35987393,4214001,0100808003301700
35990293,6314003,2010300000000000
35992412,6314020,00000094
35994192,E09400A,001E
35995973,E09401A,001E
35998892,4294001,0000000000000180
36000672,621400A,0000
36002452,E094024,001A
36013991,2214000,806800000000
36037291,4214001,01008080032D1700
36044310,4394100,7E97EB0003FF8000
36047591,4294001,0000000000000180
36050471,421400B,00863E0440000000
36063590,4394000,00000043
36079390,6214000,2800400000360B00
36082890,4214006,0000000000000000
36087289,4214001,01008080032D1700
36097410,4294001,0000000000000180
36104389,6284000,0000000000000000
36137307,4214001,01008080032D1700
36140187,6254000,80FFFF00FFFFFF00
36144328,4394100,7EA7EB0003FF8000
36147249,6314024,0000000000000000
36150168,4294001,0000000000000180
36153047,421400B,00863E0440000000
36155988,2294000,0000000000000000
36163588,4394000,00000043
36182906,4214006,0000000000000000
36187306,4214001,01008080032D1700
36197426,4294001,0000000000000180
36209486,6314000,0000000000000000
36212364,621401A,0005010000000000
36237364,4214001,01008080031E1700
36244426,4394100,7ED7EB0003FF8000
36247443,4294001,0000000000000180
36250323,421400B,00863E0440000000
36263683,4394000,00000043
36266222,2214000,806800000000
36282863,4214006,0000000000000000
36285882,C214003,000101012013
36288722,4214001,01008080031E1700
36297462,4294001,0000000000000180
36309382,6264000,071ED87FF31D1E00
36329300,6214000,2800400000360B00
36337381,4214001,01008080031E1700
36344321,4394100,7EA7EB0003FF8000
36347460,4294001,0000000000000180
36350340,421400B,00863E0440000000
36359320,63D4000,5B5A00000BC00000
36363600,4394000,00000043
36382900,4214006,0000000000000000
36386199,C054003,1781CAE188D70000
36389001,4214001,0100808003261700
36391880,6254000,80FFFF00FFFFFF00
36397479,4294001,0000000000000180
36437399,4214001,0100808003261700
36444337,4394100,7EA7EC0003FF8000
36447496,4294001,0000000000000180
36450378,421400B,00863E0440000000
36459398,6314000,0000000000000000
36462277,621401A,0005010000000000
36464419,4394000,00000043
36482859,4214006,0000000000000000
36484639,621400A,0000
36487438,4214001,0100808003261700
36490338,6314003,2010300000000000
36497478,4294001,0000000000000180
36513977,2214000,806800000000
36537616,4214001,0100808003291700
36544336,4394100,7EA7EB0003FF8000
36547495,4294001,0000000000000180
36550376,421400B,00863E0440000000
36563595,4394000,00000043
36579274,6214000,2800400000360B00
36582834,4214006,0000000000000000
36586294,A3D4003,2CA5100010000000
36589114,4214001,0100808003291700
36597495,4294001,0000000000000180
36604375,6284000,0000000000000000
